{
  "id": "",
  "name": "",
  "font_family": "iconfont",
  "css_prefix_text": "icon-",
  "description": "",
  "glyphs": [
    {
      "icon_id": "13513735",
      "name": "服务商查询",
      "font_class": "fuwushangchaxunsvg",
      "unicode": "e624",
      "unicode_decimal": 58916
    },
    {
      "icon_id": "13582433",
      "name": "笑脸好评",
      "font_class": "xiaolianhaoping",
      "unicode": "e60e",
      "unicode_decimal": 58894
    },
    {
      "icon_id": "13584350",
      "name": "基础管理",
      "font_class": "jichuguanli",
      "unicode": "e6db",
      "unicode_decimal": 59099
    },
    {
      "icon_id": "13584355",
      "name": "小组管理",
      "font_class": "xiaozuguanli",
      "unicode": "e6dd",
      "unicode_decimal": 59101
    },
    {
      "icon_id": "13584359",
      "name": "预算管理",
      "font_class": "yusuanguanli",
      "unicode": "e6dc",
      "unicode_decimal": 59100
    },
    {
      "icon_id": "13584362",
      "name": "站外测评广告数据",
      "font_class": "zhanwaicepingguanggaoshuju",
      "unicode": "e6de",
      "unicode_decimal": 59102
    },
    {
      "icon_id": "13589857",
      "name": "搜索",
      "font_class": "sousuo",
      "unicode": "e616",
      "unicode_decimal": 58902
    },
    {
      "icon_id": "13603395",
      "name": "爱心售后",
      "font_class": "aixin",
      "unicode": "e626",
      "unicode_decimal": 58918
    },
    {
      "icon_id": "13604438",
      "name": "个人中心",
      "font_class": "gerenzhongxin",
      "unicode": "e63d",
      "unicode_decimal": 58941
    },
    {
      "icon_id": "13604666",
      "name": "会员",
      "font_class": "huiyuan",
      "unicode": "e657",
      "unicode_decimal": 58967
    }
  ]
}
